{"init_params": {"cat_dims": [2, 8, 3, 3, 5, 54, 30, 4, 2, 5, 3, 7, 4, 5, 5, 5, 5, 5, 4, 4, 6, 4, 5, 6, 6, 6, 6, 6, 6, 6, 6, 6, 6, 6, 6, 6, 4, 5, 4, 6, 6, 4, 6, 4, 5, 4, 7, 4, 4, 6, 6, 6, 6], "cat_emb_dim": 1, "cat_idxs": [1, 3, 4, 11, 18, 19, 20, 36, 41, 42, 43, 46, 49, 56, 57, 58, 59, 60, 61, 62, 66, 110, 143, 191, 194, 197, 200, 203, 206, 209, 212, 215, 218, 221, 224, 227, 22, 24, 26, 28, 30, 32, 34, 35, 38, 40, 47, 63, 64, 179, 182, 185, 188], "clip_value": 1, "device_name": "auto", "epsilon": 1e-15, "gamma": 1.5, "input_dim": 230, "lambda_sparse": 1.6921020679392599e-06, "mask_type": "sparsemax", "momentum": 0.02, "n_a": 60, "n_d": 60, "n_independent": 2, "n_shared": 3, "n_steps": 7, "optimizer_params": {"lr": 0.02, "weight_decay": 1e-05}, "output_dim": 2, "scheduler_params": {"gamma": 1.2000000000000002, "step_size": 30}, "seed": 0, "verbose": 0}, "class_attrs": {"preds_mapper": {"0": 0.0, "1": 1.0}}}